region,archetype_id,dwelling_type,construction_period,baseline_state,renovation_priority,priority_weight,renovation_share_2025,annual_renovation_rate_low,annual_renovation_rate_central,annual_renovation_rate_high,renovation_rate_scenario_meaning,target_label_2050,target_energy_score_2050_kWh_m2_year,policy_target_note,policy_source,regional_archetype_share_within_region,regional_number_of_dwellings,allocation_raw_weight,allocation_share_within_region,annual_renovation_flow_low,annual_renovation_flow_central,annual_renovation_flow_high,regionalisation_method
Flemish Region,BE_TABULA_01,Detached house,pre-1946,TABULA-as-is,very high,4,0,0.006,0.03,0.04,low = lower current estimate; central = policy-compatible; high = accelerated,label A / 100 kWh/m2.year,100,,https://www.vlaanderen.be/veka/energie-en-klimaatbeleid/vlaamse-langetermijnrenovatiestrategie-voor-gebouwen-2050,0.0674240435294,218732.632031,0.269696174118,0.0887540796297,1727.58076419,8637.90382097,11517.2050946,regional_R1_R4_dwelling_type_share_times_regional_construction_period_share_independence_assumption
Flemish Region,BE_TABULA_02,Semi-detached house,pre-1946,TABULA-as-is,very high,4,0,0.006,0.03,0.04,low = lower current estimate; central = policy-compatible; high = accelerated,label A / 100 kWh/m2.year,100,,https://www.vlaanderen.be/veka/energie-en-klimaatbeleid/vlaamse-langetermijnrenovatiestrategie-voor-gebouwen-2050,0.0456404010885,148063.576945,0.182561604354,0.0600790397683,1169.4267336,5847.13366799,7796.17822399,regional_R1_R4_dwelling_type_share_times_regional_construction_period_share_independence_assumption
Flemish Region,BE_TABULA_03,Terraced house,pre-1946,TABULA-as-is,very high,4,0,0.006,0.03,0.04,low = lower current estimate; central = policy-compatible; high = accelerated,label A / 100 kWh/m2.year,100,,https://www.vlaanderen.be/veka/energie-en-klimaatbeleid/vlaamse-langetermijnrenovatiestrategie-voor-gebouwen-2050,0.0511743234209,166016.362537,0.204697293684,0.0673636545384,1311.22033231,6556.10166157,8741.46888209,regional_R1_R4_dwelling_type_share_times_regional_construction_period_share_independence_assumption
Flemish Region,BE_TABULA_04,"Apartment, enclosed",pre-1946,TABULA-as-is,very high,4,0,0.006,0.03,0.04,low = lower current estimate; central = policy-compatible; high = accelerated,label A / 100 kWh/m2.year,100,,https://www.vlaanderen.be/veka/energie-en-klimaatbeleid/vlaamse-langetermijnrenovatiestrategie-voor-gebouwen-2050,0.0366253946126,118817.687926,0.14650157845,0.0482120771724,938.438632593,4692.19316297,6256.25755062,regional_R1_R4_dwelling_type_share_times_regional_construction_period_share_independence_assumption
Flemish Region,BE_TABULA_05,"Apartment, exposed",pre-1946,TABULA-as-is,very high,4,0,0.006,0.03,0.04,low = lower current estimate; central = policy-compatible; high = accelerated,label A / 100 kWh/m2.year,100,,https://www.vlaanderen.be/veka/energie-en-klimaatbeleid/vlaamse-langetermijnrenovatiestrategie-voor-gebouwen-2050,0.0366253946126,118817.687926,0.14650157845,0.0482120771724,938.438632593,4692.19316297,6256.25755062,regional_R1_R4_dwelling_type_share_times_regional_construction_period_share_independence_assumption
Flemish Region,BE_TABULA_06,Detached house,1946-1970,TABULA-as-is,very high,4,0,0.006,0.03,0.04,low = lower current estimate; central = policy-compatible; high = accelerated,label A / 100 kWh/m2.year,100,,https://www.vlaanderen.be/veka/energie-en-klimaatbeleid/vlaamse-langetermijnrenovatiestrategie-voor-gebouwen-2050,0.0687621501998,223073.629376,0.275048600799,0.0905155050762,1761.86656527,8809.33282635,11745.7771018,regional_R1_R4_dwelling_type_share_times_regional_construction_period_share_independence_assumption
Flemish Region,BE_TABULA_07,Semi-detached house,1946-1970,TABULA-as-is,very high,4,0,0.006,0.03,0.04,low = lower current estimate; central = policy-compatible; high = accelerated,label A / 100 kWh/m2.year,100,,https://www.vlaanderen.be/veka/energie-en-klimaatbeleid/vlaamse-langetermijnrenovatiestrategie-voor-gebouwen-2050,0.0465461866501,151002.066682,0.186184746601,0.0612713765024,1192.63533443,5963.17667215,7950.90222953,regional_R1_R4_dwelling_type_share_times_regional_construction_period_share_independence_assumption
Flemish Region,BE_TABULA_08,Terraced house,1946-1970,TABULA-as-is,very high,4,0,0.006,0.03,0.04,low = lower current estimate; central = policy-compatible; high = accelerated,label A / 100 kWh/m2.year,100,,https://www.vlaanderen.be/veka/energie-en-klimaatbeleid/vlaamse-langetermijnrenovatiestrategie-voor-gebouwen-2050,0.0521899359522,169311.14568,0.208759743809,0.0687005627207,1337.24298805,6686.21494024,8914.95325365,regional_R1_R4_dwelling_type_share_times_regional_construction_period_share_independence_assumption
Flemish Region,BE_TABULA_09,"Apartment, enclosed",1946-1970,TABULA-as-is,very high,4,0,0.006,0.03,0.04,low = lower current estimate; central = policy-compatible; high = accelerated,label A / 100 kWh/m2.year,100,,https://www.vlaanderen.be/veka/energie-en-klimaatbeleid/vlaamse-langetermijnrenovatiestrategie-voor-gebouwen-2050,0.0373522671386,121175.759801,0.149409068554,0.0491689005648,957.063012389,4785.31506194,6380.42008259,regional_R1_R4_dwelling_type_share_times_regional_construction_period_share_independence_assumption
Flemish Region,BE_TABULA_10,"Apartment, exposed",1946-1970,TABULA-as-is,very high,4,0,0.006,0.03,0.04,low = lower current estimate; central = policy-compatible; high = accelerated,label A / 100 kWh/m2.year,100,,https://www.vlaanderen.be/veka/energie-en-klimaatbeleid/vlaamse-langetermijnrenovatiestrategie-voor-gebouwen-2050,0.0373522671386,121175.759801,0.149409068554,0.0491689005648,957.063012389,4785.31506194,6380.42008259,regional_R1_R4_dwelling_type_share_times_regional_construction_period_share_independence_assumption
Flemish Region,BE_TABULA_11,Detached house,1971-1990,TABULA-as-is,high,3,0,0.006,0.03,0.04,low = lower current estimate; central = policy-compatible; high = accelerated,label A / 100 kWh/m2.year,100,,https://www.vlaanderen.be/veka/energie-en-klimaatbeleid/vlaamse-langetermijnrenovatiestrategie-voor-gebouwen-2050,0.0638620304746,207176.984372,0.191586091424,0.0630489003777,1227.23448827,6136.17244133,8181.56325511,regional_R1_R4_dwelling_type_share_times_regional_construction_period_share_independence_assumption
Flemish Region,BE_TABULA_12,Semi-detached house,1971-1990,TABULA-as-is,high,3,0,0.006,0.03,0.04,low = lower current estimate; central = policy-compatible; high = accelerated,label A / 100 kWh/m2.year,100,,https://www.vlaanderen.be/veka/energie-en-klimaatbeleid/vlaamse-langetermijnrenovatiestrategie-voor-gebouwen-2050,0.0432292181337,140241.376341,0.129687654401,0.0426787975149,830.734428583,4153.67214291,5538.22952389,regional_R1_R4_dwelling_type_share_times_regional_construction_period_share_independence_assumption
Flemish Region,BE_TABULA_13,Terraced house,1971-1990,TABULA-as-is,high,3,0,0.006,0.03,0.04,low = lower current estimate; central = policy-compatible; high = accelerated,label A / 100 kWh/m2.year,100,,https://www.vlaanderen.be/veka/energie-en-klimaatbeleid/vlaamse-langetermijnrenovatiestrategie-voor-gebouwen-2050,0.0484707832807,157245.716048,0.145412349842,0.047853623876,931.461409437,4657.30704718,6209.74272958,regional_R1_R4_dwelling_type_share_times_regional_construction_period_share_independence_assumption
Flemish Region,BE_TABULA_14,"Apartment, enclosed",1971-1990,TABULA-as-is,high,3,0,0.006,0.03,0.04,low = lower current estimate; central = policy-compatible; high = accelerated,label A / 100 kWh/m2.year,100,,https://www.vlaanderen.be/veka/energie-en-klimaatbeleid/vlaamse-langetermijnrenovatiestrategie-voor-gebouwen-2050,0.0346904745615,112540.548001,0.104071423685,0.0342487744036,666.645681007,3333.22840504,4444.30454005,regional_R1_R4_dwelling_type_share_times_regional_construction_period_share_independence_assumption
Flemish Region,BE_TABULA_15,"Apartment, exposed",1971-1990,TABULA-as-is,high,3,0,0.006,0.03,0.04,low = lower current estimate; central = policy-compatible; high = accelerated,label A / 100 kWh/m2.year,100,,https://www.vlaanderen.be/veka/energie-en-klimaatbeleid/vlaamse-langetermijnrenovatiestrategie-voor-gebouwen-2050,0.0346904745615,112540.548001,0.104071423685,0.0342487744036,666.645681007,3333.22840504,4444.30454005,regional_R1_R4_dwelling_type_share_times_regional_construction_period_share_independence_assumption
Flemish Region,BE_TABULA_16,Detached house,1991-2005,TABULA-as-is,medium,2,0,0.006,0.03,0.04,low = lower current estimate; central = policy-compatible; high = accelerated,label A / 100 kWh/m2.year,100,,https://www.vlaanderen.be/veka/energie-en-klimaatbeleid/vlaamse-langetermijnrenovatiestrategie-voor-gebouwen-2050,0.0425080852875,137901.924756,0.0850161705749,0.0279778977129,544.584295313,2722.92147657,3630.56196876,regional_R1_R4_dwelling_type_share_times_regional_construction_period_share_independence_assumption
Flemish Region,BE_TABULA_17,Semi-detached house,1991-2005,TABULA-as-is,medium,2,0,0.006,0.03,0.04,low = lower current estimate; central = policy-compatible; high = accelerated,label A / 100 kWh/m2.year,100,,https://www.vlaanderen.be/veka/energie-en-klimaatbeleid/vlaamse-langetermijnrenovatiestrategie-voor-gebouwen-2050,0.028774395015,93347.9931976,0.05754879003,0.0189386813129,368.637719774,1843.18859887,2457.58479849,regional_R1_R4_dwelling_type_share_times_regional_construction_period_share_independence_assumption
Flemish Region,BE_TABULA_18,Terraced house,1991-2005,TABULA-as-is,medium,2,0,0.006,0.03,0.04,low = lower current estimate; central = policy-compatible; high = accelerated,label A / 100 kWh/m2.year,100,,https://www.vlaanderen.be/veka/energie-en-klimaatbeleid/vlaamse-langetermijnrenovatiestrategie-voor-gebouwen-2050,0.0322633053527,104666.485847,0.0645266107054,0.0212350062566,413.335234724,2066.67617362,2755.5682315,regional_R1_R4_dwelling_type_share_times_regional_construction_period_share_independence_assumption
Flemish Region,BE_TABULA_19,"Apartment, enclosed",1991-2005,TABULA-as-is,medium,2,0,0.006,0.03,0.04,low = lower current estimate; central = policy-compatible; high = accelerated,label A / 100 kWh/m2.year,100,,https://www.vlaanderen.be/veka/energie-en-klimaatbeleid/vlaamse-langetermijnrenovatiestrategie-voor-gebouwen-2050,0.0230908043538,74909.6634914,0.0461816087075,0.0151978654872,295.823472927,1479.11736464,1972.15648618,regional_R1_R4_dwelling_type_share_times_regional_construction_period_share_independence_assumption
Flemish Region,BE_TABULA_20,"Apartment, exposed",1991-2005,TABULA-as-is,medium,2,0,0.006,0.03,0.04,low = lower current estimate; central = policy-compatible; high = accelerated,label A / 100 kWh/m2.year,100,,https://www.vlaanderen.be/veka/energie-en-klimaatbeleid/vlaamse-langetermijnrenovatiestrategie-voor-gebouwen-2050,0.0230908043538,74909.6634914,0.0461816087075,0.0151978654872,295.823472927,1479.11736464,1972.15648618,regional_R1_R4_dwelling_type_share_times_regional_construction_period_share_independence_assumption
Flemish Region,BE_TABULA_21,Detached house,post-2005,TABULA-as-is,low,1,0,0.006,0.03,0.04,low = lower current estimate; central = policy-compatible; high = accelerated,label A / 100 kWh/m2.year,100,,https://www.vlaanderen.be/veka/energie-en-klimaatbeleid/vlaamse-langetermijnrenovatiestrategie-voor-gebouwen-2050,0.0413468831635,134134.829465,0.0413468831635,0.0136068098583,264.853886958,1324.26943479,1765.69257972,regional_R1_R4_dwelling_type_share_times_regional_construction_period_share_independence_assumption
Flemish Region,BE_TABULA_22,Semi-detached house,post-2005,TABULA-as-is,low,1,0,0.006,0.03,0.04,low = lower current estimate; central = policy-compatible; high = accelerated,label A / 100 kWh/m2.year,100,,https://www.vlaanderen.be/veka/energie-en-klimaatbeleid/vlaamse-langetermijnrenovatiestrategie-voor-gebouwen-2050,0.0279883589379,90797.9868345,0.0279883589379,0.00921066472672,179.283783615,896.418918076,1195.2252241,regional_R1_R4_dwelling_type_share_times_regional_construction_period_share_independence_assumption
Flemish Region,BE_TABULA_23,Terraced house,post-2005,TABULA-as-is,low,1,0,0.006,0.03,0.04,low = lower current estimate; central = policy-compatible; high = accelerated,label A / 100 kWh/m2.year,100,,https://www.vlaanderen.be/veka/energie-en-klimaatbeleid/vlaamse-langetermijnrenovatiestrategie-voor-gebouwen-2050,0.031381961993,101807.289888,0.031381961993,0.0103274626078,201.022035478,1005.11017739,1340.14690319,regional_R1_R4_dwelling_type_share_times_regional_construction_period_share_independence_assumption
Flemish Region,BE_TABULA_24,"Apartment, enclosed",post-2005,TABULA-as-is,low,1,0,0.006,0.03,0.04,low = lower current estimate; central = policy-compatible; high = accelerated,label A / 100 kWh/m2.year,100,,https://www.vlaanderen.be/veka/energie-en-klimaatbeleid/vlaamse-langetermijnrenovatiestrategie-voor-gebouwen-2050,0.0224600280937,72863.3407798,0.0224600280937,0.00739135113221,143.871201084,719.356005418,959.141340558,regional_R1_R4_dwelling_type_share_times_regional_construction_period_share_independence_assumption
Flemish Region,BE_TABULA_25,"Apartment, exposed",post-2005,TABULA-as-is,low,1,0,0.006,0.03,0.04,low = lower current estimate; central = policy-compatible; high = accelerated,label A / 100 kWh/m2.year,100,,https://www.vlaanderen.be/veka/energie-en-klimaatbeleid/vlaamse-langetermijnrenovatiestrategie-voor-gebouwen-2050,0.0224600280937,72863.3407798,0.0224600280937,0.00739135113221,143.871201084,719.356005418,959.141340558,regional_R1_R4_dwelling_type_share_times_regional_construction_period_share_independence_assumption
Walloon Region,BE_TABULA_01,Detached house,pre-1946,TABULA-as-is,very high,4,0,0.008,0.03,0.04,low = conservative current-rate proxy below 1%; central = policy-compatible assumption; high = accelerated,average decarbonised PEB label A,85,"85 kWh/m²·year is the upper threshold of PEB label A / qZEN-level performance; the regional 2050 target is phrased as average decarbonised PEB label A, not merely a numerical energy-score target.",https://energie.wallonie.be/files/PEB/B%C3%A2timents%20non%20r%C3%A9sidentiels/Obligation/SRLT/gw-201112-strategie-renovation-2020-rapport-complet-final.pdf,0.149000512227,257355.025723,0.596002048908,0.176719110923,2441.84671086,9156.92516573,12209.2335543,regional_R1_R4_dwelling_type_share_times_regional_construction_period_share_independence_assumption
Walloon Region,BE_TABULA_02,Semi-detached house,pre-1946,TABULA-as-is,very high,4,0,0.008,0.03,0.04,low = conservative current-rate proxy below 1%; central = policy-compatible assumption; high = accelerated,average decarbonised PEB label A,85,"85 kWh/m²·year is the upper threshold of PEB label A / qZEN-level performance; the regional 2050 target is phrased as average decarbonised PEB label A, not merely a numerical energy-score target.",https://energie.wallonie.be/files/PEB/B%C3%A2timents%20non%20r%C3%A9sidentiels/Obligation/SRLT/gw-201112-strategie-renovation-2020-rapport-complet-final.pdf,0.110290381689,190494.539867,0.441161526757,0.130807726122,1807.45825462,6777.96845483,9037.29127311,regional_R1_R4_dwelling_type_share_times_regional_construction_period_share_independence_assumption
Walloon Region,BE_TABULA_03,Terraced house,pre-1946,TABULA-as-is,very high,4,0,0.008,0.03,0.04,low = conservative current-rate proxy below 1%; central = policy-compatible assumption; high = accelerated,average decarbonised PEB label A,85,"85 kWh/m²·year is the upper threshold of PEB label A / qZEN-level performance; the regional 2050 target is phrased as average decarbonised PEB label A, not merely a numerical energy-score target.",https://energie.wallonie.be/files/PEB/B%C3%A2timents%20non%20r%C3%A9sidentiels/Obligation/SRLT/gw-201112-strategie-renovation-2020-rapport-complet-final.pdf,0.128245463767,221506.719227,0.512981855066,0.152102996144,2101.70931093,7881.409916,10508.5465547,regional_R1_R4_dwelling_type_share_times_regional_construction_period_share_independence_assumption
Walloon Region,BE_TABULA_04,"Apartment, enclosed",pre-1946,TABULA-as-is,very high,4,0,0.008,0.03,0.04,low = conservative current-rate proxy below 1%; central = policy-compatible assumption; high = accelerated,average decarbonised PEB label A,85,"85 kWh/m²·year is the upper threshold of PEB label A / qZEN-level performance; the regional 2050 target is phrased as average decarbonised PEB label A, not merely a numerical energy-score target.",https://energie.wallonie.be/files/PEB/B%C3%A2timents%20non%20r%C3%A9sidentiels/Obligation/SRLT/gw-201112-strategie-renovation-2020-rapport-complet-final.pdf,0.0481591416537,83180.9028966,0.192636566615,0.0571181975729,789.240519293,2959.65194735,3946.20259647,regional_R1_R4_dwelling_type_share_times_regional_construction_period_share_independence_assumption
Walloon Region,BE_TABULA_05,"Apartment, exposed",pre-1946,TABULA-as-is,very high,4,0,0.008,0.03,0.04,low = conservative current-rate proxy below 1%; central = policy-compatible assumption; high = accelerated,average decarbonised PEB label A,85,"85 kWh/m²·year is the upper threshold of PEB label A / qZEN-level performance; the regional 2050 target is phrased as average decarbonised PEB label A, not merely a numerical energy-score target.",https://energie.wallonie.be/files/PEB/B%C3%A2timents%20non%20r%C3%A9sidentiels/Obligation/SRLT/gw-201112-strategie-renovation-2020-rapport-complet-final.pdf,0.0481591416537,83180.9028966,0.192636566615,0.0571181975729,789.240519293,2959.65194735,3946.20259647,regional_R1_R4_dwelling_type_share_times_regional_construction_period_share_independence_assumption
Walloon Region,BE_TABULA_06,Detached house,1946-1970,TABULA-as-is,very high,4,0,0.008,0.03,0.04,low = conservative current-rate proxy below 1%; central = policy-compatible assumption; high = accelerated,average decarbonised PEB label A,85,"85 kWh/m²·year is the upper threshold of PEB label A / qZEN-level performance; the regional 2050 target is phrased as average decarbonised PEB label A, not merely a numerical energy-score target.",https://energie.wallonie.be/files/PEB/B%C3%A2timents%20non%20r%C3%A9sidentiels/Obligation/SRLT/gw-201112-strategie-renovation-2020-rapport-complet-final.pdf,0.051743099457,89371.14707,0.206972397828,0.0613688798498,847.975052772,3179.9064479,4239.87526386,regional_R1_R4_dwelling_type_share_times_regional_construction_period_share_independence_assumption
Walloon Region,BE_TABULA_07,Semi-detached house,1946-1970,TABULA-as-is,very high,4,0,0.008,0.03,0.04,low = conservative current-rate proxy below 1%; central = policy-compatible assumption; high = accelerated,average decarbonised PEB label A,85,"85 kWh/m²·year is the upper threshold of PEB label A / qZEN-level performance; the regional 2050 target is phrased as average decarbonised PEB label A, not merely a numerical energy-score target.",https://energie.wallonie.be/files/PEB/B%C3%A2timents%20non%20r%C3%A9sidentiels/Obligation/SRLT/gw-201112-strategie-renovation-2020-rapport-complet-final.pdf,0.0383003125533,66152.6445449,0.153201250213,0.0454253282846,627.672286729,2353.77107523,3138.36143364,regional_R1_R4_dwelling_type_share_times_regional_construction_period_share_independence_assumption
Walloon Region,BE_TABULA_08,Terraced house,1946-1970,TABULA-as-is,very high,4,0,0.008,0.03,0.04,low = conservative current-rate proxy below 1%; central = policy-compatible assumption; high = accelerated,average decarbonised PEB label A,85,"85 kWh/m²·year is the upper threshold of PEB label A / qZEN-level performance; the regional 2050 target is phrased as average decarbonised PEB label A, not merely a numerical energy-score target.",https://energie.wallonie.be/files/PEB/B%C3%A2timents%20non%20r%C3%A9sidentiels/Obligation/SRLT/gw-201112-strategie-renovation-2020-rapport-complet-final.pdf,0.0445355367401,76922.1798774,0.17814214696,0.0528204926248,729.856241968,2736.96090738,3649.28120984,regional_R1_R4_dwelling_type_share_times_regional_construction_period_share_independence_assumption
Walloon Region,BE_TABULA_09,"Apartment, enclosed",1946-1970,TABULA-as-is,very high,4,0,0.008,0.03,0.04,low = conservative current-rate proxy below 1%; central = policy-compatible assumption; high = accelerated,average decarbonised PEB label A,85,"85 kWh/m²·year is the upper threshold of PEB label A / qZEN-level performance; the regional 2050 target is phrased as average decarbonised PEB label A, not merely a numerical energy-score target.",https://energie.wallonie.be/files/PEB/B%C3%A2timents%20non%20r%C3%A9sidentiels/Obligation/SRLT/gw-201112-strategie-renovation-2020-rapport-complet-final.pdf,0.0167241254349,28886.0599683,0.0668965017397,0.0198353182391,274.077921444,1027.79220542,1370.38960722,regional_R1_R4_dwelling_type_share_times_regional_construction_period_share_independence_assumption
Walloon Region,BE_TABULA_10,"Apartment, exposed",1946-1970,TABULA-as-is,very high,4,0,0.008,0.03,0.04,low = conservative current-rate proxy below 1%; central = policy-compatible assumption; high = accelerated,average decarbonised PEB label A,85,"85 kWh/m²·year is the upper threshold of PEB label A / qZEN-level performance; the regional 2050 target is phrased as average decarbonised PEB label A, not merely a numerical energy-score target.",https://energie.wallonie.be/files/PEB/B%C3%A2timents%20non%20r%C3%A9sidentiels/Obligation/SRLT/gw-201112-strategie-renovation-2020-rapport-complet-final.pdf,0.0167241254349,28886.0599683,0.0668965017397,0.0198353182391,274.077921444,1027.79220542,1370.38960722,regional_R1_R4_dwelling_type_share_times_regional_construction_period_share_independence_assumption
Walloon Region,BE_TABULA_11,Detached house,1971-1990,TABULA-as-is,high,3,0,0.008,0.03,0.04,low = conservative current-rate proxy below 1%; central = policy-compatible assumption; high = accelerated,average decarbonised PEB label A,85,"85 kWh/m²·year is the upper threshold of PEB label A / qZEN-level performance; the regional 2050 target is phrased as average decarbonised PEB label A, not merely a numerical energy-score target.",https://energie.wallonie.be/files/PEB/B%C3%A2timents%20non%20r%C3%A9sidentiels/Obligation/SRLT/gw-201112-strategie-renovation-2020-rapport-complet-final.pdf,0.0499178222338,86218.5118226,0.149753466701,0.0444030344217,613.546565443,2300.79962041,3067.73282722,regional_R1_R4_dwelling_type_share_times_regional_construction_period_share_independence_assumption
Walloon Region,BE_TABULA_12,Semi-detached house,1971-1990,TABULA-as-is,high,3,0,0.008,0.03,0.04,low = conservative current-rate proxy below 1%; central = policy-compatible assumption; high = accelerated,average decarbonised PEB label A,85,"85 kWh/m²·year is the upper threshold of PEB label A / qZEN-level performance; the regional 2050 target is phrased as average decarbonised PEB label A, not merely a numerical energy-score target.",https://energie.wallonie.be/files/PEB/B%C3%A2timents%20non%20r%C3%A9sidentiels/Obligation/SRLT/gw-201112-strategie-renovation-2020-rapport-complet-final.pdf,0.0369492398715,63819.0596493,0.110847719615,0.0328671864367,454.148001745,1703.05500654,2270.74000872,regional_R1_R4_dwelling_type_share_times_regional_construction_period_share_independence_assumption
Walloon Region,BE_TABULA_13,Terraced house,1971-1990,TABULA-as-is,high,3,0,0.008,0.03,0.04,low = conservative current-rate proxy below 1%; central = policy-compatible assumption; high = accelerated,average decarbonised PEB label A,85,"85 kWh/m²·year is the upper threshold of PEB label A / qZEN-level performance; the regional 2050 target is phrased as average decarbonised PEB label A, not merely a numerical energy-score target.",https://energie.wallonie.be/files/PEB/B%C3%A2timents%20non%20r%C3%A9sidentiels/Obligation/SRLT/gw-201112-strategie-renovation-2020-rapport-complet-final.pdf,0.0429645117785,74208.6914245,0.128893535336,0.038217907153,528.082505567,1980.30939588,2640.41252784,regional_R1_R4_dwelling_type_share_times_regional_construction_period_share_independence_assumption
Walloon Region,BE_TABULA_14,"Apartment, enclosed",1971-1990,TABULA-as-is,high,3,0,0.008,0.03,0.04,low = conservative current-rate proxy below 1%; central = policy-compatible assumption; high = accelerated,average decarbonised PEB label A,85,"85 kWh/m²·year is the upper threshold of PEB label A / qZEN-level performance; the regional 2050 target is phrased as average decarbonised PEB label A, not merely a numerical energy-score target.",https://energie.wallonie.be/files/PEB/B%C3%A2timents%20non%20r%C3%A9sidentiels/Obligation/SRLT/gw-201112-strategie-renovation-2020-rapport-complet-final.pdf,0.0161341691788,27867.0822132,0.0484025075364,0.0143517092163,198.307210591,743.652039715,991.536052953,regional_R1_R4_dwelling_type_share_times_regional_construction_period_share_independence_assumption
Walloon Region,BE_TABULA_15,"Apartment, exposed",1971-1990,TABULA-as-is,high,3,0,0.008,0.03,0.04,low = conservative current-rate proxy below 1%; central = policy-compatible assumption; high = accelerated,average decarbonised PEB label A,85,"85 kWh/m²·year is the upper threshold of PEB label A / qZEN-level performance; the regional 2050 target is phrased as average decarbonised PEB label A, not merely a numerical energy-score target.",https://energie.wallonie.be/files/PEB/B%C3%A2timents%20non%20r%C3%A9sidentiels/Obligation/SRLT/gw-201112-strategie-renovation-2020-rapport-complet-final.pdf,0.0161341691788,27867.0822132,0.0484025075364,0.0143517092163,198.307210591,743.652039715,991.536052953,regional_R1_R4_dwelling_type_share_times_regional_construction_period_share_independence_assumption
Walloon Region,BE_TABULA_16,Detached house,1991-2005,TABULA-as-is,medium,2,0,0.008,0.03,0.04,low = conservative current-rate proxy below 1%; central = policy-compatible assumption; high = accelerated,average decarbonised PEB label A,85,"85 kWh/m²·year is the upper threshold of PEB label A / qZEN-level performance; the regional 2050 target is phrased as average decarbonised PEB label A, not merely a numerical energy-score target.",https://energie.wallonie.be/files/PEB/B%C3%A2timents%20non%20r%C3%A9sidentiels/Obligation/SRLT/gw-201112-strategie-renovation-2020-rapport-complet-final.pdf,0.0285618747614,49332.3271447,0.0571237495227,0.0169376233634,234.038524095,877.644465357,1170.19262048,regional_R1_R4_dwelling_type_share_times_regional_construction_period_share_independence_assumption
Walloon Region,BE_TABULA_17,Semi-detached house,1991-2005,TABULA-as-is,medium,2,0,0.008,0.03,0.04,low = conservative current-rate proxy below 1%; central = policy-compatible assumption; high = accelerated,average decarbonised PEB label A,85,"85 kWh/m²·year is the upper threshold of PEB label A / qZEN-level performance; the regional 2050 target is phrased as average decarbonised PEB label A, not merely a numerical energy-score target.",https://energie.wallonie.be/files/PEB/B%C3%A2timents%20non%20r%C3%A9sidentiels/Obligation/SRLT/gw-201112-strategie-renovation-2020-rapport-complet-final.pdf,0.021141538523,36515.8556107,0.042283077046,0.0125372518372,173.235633668,649.633626254,866.178168338,regional_R1_R4_dwelling_type_share_times_regional_construction_period_share_independence_assumption
Walloon Region,BE_TABULA_18,Terraced house,1991-2005,TABULA-as-is,medium,2,0,0.008,0.03,0.04,low = conservative current-rate proxy below 1%; central = policy-compatible assumption; high = accelerated,average decarbonised PEB label A,85,"85 kWh/m²·year is the upper threshold of PEB label A / qZEN-level performance; the regional 2050 target is phrased as average decarbonised PEB label A, not merely a numerical energy-score target.",https://energie.wallonie.be/files/PEB/B%C3%A2timents%20non%20r%C3%A9sidentiels/Obligation/SRLT/gw-201112-strategie-renovation-2020-rapport-complet-final.pdf,0.0245833441783,42460.5733148,0.0491666883565,0.0145782946037,201.438093153,755.392849324,1007.19046576,regional_R1_R4_dwelling_type_share_times_regional_construction_period_share_independence_assumption
Walloon Region,BE_TABULA_19,"Apartment, enclosed",1991-2005,TABULA-as-is,medium,2,0,0.008,0.03,0.04,low = conservative current-rate proxy below 1%; central = policy-compatible assumption; high = accelerated,average decarbonised PEB label A,85,"85 kWh/m²·year is the upper threshold of PEB label A / qZEN-level performance; the regional 2050 target is phrased as average decarbonised PEB label A, not merely a numerical energy-score target.",https://energie.wallonie.be/files/PEB/B%C3%A2timents%20non%20r%C3%A9sidentiels/Obligation/SRLT/gw-201112-strategie-renovation-2020-rapport-complet-final.pdf,0.00923161505937,15944.9286151,0.0184632301187,0.0054744872393,75.6446690408,283.667508903,378.223345204,regional_R1_R4_dwelling_type_share_times_regional_construction_period_share_independence_assumption
Walloon Region,BE_TABULA_20,"Apartment, exposed",1991-2005,TABULA-as-is,medium,2,0,0.008,0.03,0.04,low = conservative current-rate proxy below 1%; central = policy-compatible assumption; high = accelerated,average decarbonised PEB label A,85,"85 kWh/m²·year is the upper threshold of PEB label A / qZEN-level performance; the regional 2050 target is phrased as average decarbonised PEB label A, not merely a numerical energy-score target.",https://energie.wallonie.be/files/PEB/B%C3%A2timents%20non%20r%C3%A9sidentiels/Obligation/SRLT/gw-201112-strategie-renovation-2020-rapport-complet-final.pdf,0.00923161505937,15944.9286151,0.0184632301187,0.0054744872393,75.6446690408,283.667508903,378.223345204,regional_R1_R4_dwelling_type_share_times_regional_construction_period_share_independence_assumption
Walloon Region,BE_TABULA_21,Detached house,post-2005,TABULA-as-is,low,1,0,0.008,0.03,0.04,low = conservative current-rate proxy below 1%; central = policy-compatible assumption; high = accelerated,average decarbonised PEB label A,85,"85 kWh/m²·year is the upper threshold of PEB label A / qZEN-level performance; the regional 2050 target is phrased as average decarbonised PEB label A, not merely a numerical energy-score target.",https://energie.wallonie.be/files/PEB/B%C3%A2timents%20non%20r%C3%A9sidentiels/Obligation/SRLT/gw-201112-strategie-renovation-2020-rapport-complet-final.pdf,0.0287214739152,49607.9882395,0.0287214739152,0.00851613403674,117.673146828,441.274300604,588.365734139,regional_R1_R4_dwelling_type_share_times_regional_construction_period_share_independence_assumption
Walloon Region,BE_TABULA_22,Semi-detached house,post-2005,TABULA-as-is,low,1,0,0.008,0.03,0.04,low = conservative current-rate proxy below 1%; central = policy-compatible assumption; high = accelerated,average decarbonised PEB label A,85,"85 kWh/m²·year is the upper threshold of PEB label A / qZEN-level performance; the regional 2050 target is phrased as average decarbonised PEB label A, not merely a numerical energy-score target.",https://energie.wallonie.be/files/PEB/B%C3%A2timents%20non%20r%C3%A9sidentiels/Obligation/SRLT/gw-201112-strategie-renovation-2020-rapport-complet-final.pdf,0.0212596740336,36719.9003279,0.0212596740336,0.00630365399012,87.101823237,326.631837139,435.509116185,regional_R1_R4_dwelling_type_share_times_regional_construction_period_share_independence_assumption
Walloon Region,BE_TABULA_23,Terraced house,post-2005,TABULA-as-is,low,1,0,0.008,0.03,0.04,low = conservative current-rate proxy below 1%; central = policy-compatible assumption; high = accelerated,average decarbonised PEB label A,85,"85 kWh/m²·year is the upper threshold of PEB label A / qZEN-level performance; the regional 2050 target is phrased as average decarbonised PEB label A, not merely a numerical energy-score target.",https://energie.wallonie.be/files/PEB/B%C3%A2timents%20non%20r%C3%A9sidentiels/Obligation/SRLT/gw-201112-strategie-renovation-2020-rapport-complet-final.pdf,0.0247207119442,42697.8361565,0.0247207119442,0.00732987788241,101.281848379,379.806931422,506.409241896,regional_R1_R4_dwelling_type_share_times_regional_construction_period_share_independence_assumption
Walloon Region,BE_TABULA_24,"Apartment, enclosed",post-2005,TABULA-as-is,low,1,0,0.008,0.03,0.04,low = conservative current-rate proxy below 1%; central = policy-compatible assumption; high = accelerated,average decarbonised PEB label A,85,"85 kWh/m²·year is the upper threshold of PEB label A / qZEN-level performance; the regional 2050 target is phrased as average decarbonised PEB label A, not merely a numerical energy-score target.",https://energie.wallonie.be/files/PEB/B%C3%A2timents%20non%20r%C3%A9sidentiels/Obligation/SRLT/gw-201112-strategie-renovation-2020-rapport-complet-final.pdf,0.00928319983676,16034.0263069,0.00928319983676,0.00275253889592,38.0336796311,142.626298617,190.168398156,regional_R1_R4_dwelling_type_share_times_regional_construction_period_share_independence_assumption
Walloon Region,BE_TABULA_25,"Apartment, exposed",post-2005,TABULA-as-is,low,1,0,0.008,0.03,0.04,low = conservative current-rate proxy below 1%; central = policy-compatible assumption; high = accelerated,average decarbonised PEB label A,85,"85 kWh/m²·year is the upper threshold of PEB label A / qZEN-level performance; the regional 2050 target is phrased as average decarbonised PEB label A, not merely a numerical energy-score target.",https://energie.wallonie.be/files/PEB/B%C3%A2timents%20non%20r%C3%A9sidentiels/Obligation/SRLT/gw-201112-strategie-renovation-2020-rapport-complet-final.pdf,0.00928319983676,16034.0263069,0.00928319983676,0.00275253889592,38.0336796311,142.626298617,190.168398156,regional_R1_R4_dwelling_type_share_times_regional_construction_period_share_independence_assumption
Brussels-Capital Region,BE_TABULA_01,Detached house,pre-1946,TABULA-as-is,very high,4,0,0.008,0.025,0.04,low = secondary current-rate estimate; central = conservative policy-compatible assumption; high = accelerated,C+ / 100 kWh/m2.year,100,,https://environnement.brussels/citoyen/politique-regionale/plans-strategiques-regionaux/renolution-une-strategie-pour-renover-le-bati-bruxellois,0.00538945087576,3050.65555262,0.021557803503,0.00611824862464,27.7054855039,86.5796421997,138.52742752,regional_R1_R4_dwelling_type_share_times_regional_construction_period_share_independence_assumption
Brussels-Capital Region,BE_TABULA_02,Semi-detached house,pre-1946,TABULA-as-is,very high,4,0,0.008,0.025,0.04,low = secondary current-rate estimate; central = conservative policy-compatible assumption; high = accelerated,C+ / 100 kWh/m2.year,100,,https://environnement.brussels/citoyen/politique-regionale/plans-strategiques-regionaux/renolution-une-strategie-pour-renover-le-bati-bruxellois,0.014955552551,8465.47087708,0.0598222102041,0.0169779428249,76.8818296997,240.255717812,384.409148499,regional_R1_R4_dwelling_type_share_times_regional_construction_period_share_independence_assumption
Brussels-Capital Region,BE_TABULA_03,Terraced house,pre-1946,TABULA-as-is,very high,4,0,0.008,0.025,0.04,low = secondary current-rate estimate; central = conservative policy-compatible assumption; high = accelerated,C+ / 100 kWh/m2.year,100,,https://environnement.brussels/citoyen/politique-regionale/plans-strategiques-regionaux/renolution-une-strategie-pour-renover-le-bati-bruxellois,0.153686164567,86992.823964,0.614744658269,0.174468640065,790.052623677,2468.91444899,3950.26311838,regional_R1_R4_dwelling_type_share_times_regional_construction_period_share_independence_assumption
Brussels-Capital Region,BE_TABULA_04,"Apartment, enclosed",pre-1946,TABULA-as-is,very high,4,0,0.008,0.025,0.04,low = secondary current-rate estimate; central = conservative policy-compatible assumption; high = accelerated,C+ / 100 kWh/m2.year,100,,https://environnement.brussels/citoyen/politique-regionale/plans-strategiques-regionaux/renolution-une-strategie-pour-renover-le-bati-bruxellois,0.158687988218,89824.0662267,0.63475195287,0.180146843907,815.76543855,2549.26699547,4078.82719275,regional_R1_R4_dwelling_type_share_times_regional_construction_period_share_independence_assumption
Brussels-Capital Region,BE_TABULA_05,"Apartment, exposed",pre-1946,TABULA-as-is,very high,4,0,0.008,0.025,0.04,low = secondary current-rate estimate; central = conservative policy-compatible assumption; high = accelerated,C+ / 100 kWh/m2.year,100,,https://environnement.brussels/citoyen/politique-regionale/plans-strategiques-regionaux/renolution-une-strategie-pour-renover-le-bati-bruxellois,0.158687988218,89824.0662267,0.63475195287,0.180146843907,815.76543855,2549.26699547,4078.82719275,regional_R1_R4_dwelling_type_share_times_regional_construction_period_share_independence_assumption
Brussels-Capital Region,BE_TABULA_06,Detached house,1946-1970,TABULA-as-is,very high,4,0,0.008,0.025,0.04,low = secondary current-rate estimate; central = conservative policy-compatible assumption; high = accelerated,C+ / 100 kWh/m2.year,100,,https://environnement.brussels/citoyen/politique-regionale/plans-strategiques-regionaux/renolution-une-strategie-pour-renover-le-bati-bruxellois,0.00269799040345,1527.17588395,0.0107919616138,0.00306283078846,13.8695269213,43.3422716291,69.3476346065,regional_R1_R4_dwelling_type_share_times_regional_construction_period_share_independence_assumption
Brussels-Capital Region,BE_TABULA_07,Semi-detached house,1946-1970,TABULA-as-is,very high,4,0,0.008,0.025,0.04,low = secondary current-rate estimate; central = conservative policy-compatible assumption; high = accelerated,C+ / 100 kWh/m2.year,100,,https://environnement.brussels/citoyen/politique-regionale/plans-strategiques-regionaux/renolution-une-strategie-pour-renover-le-bati-bruxellois,0.00748683644977,4237.8638777,0.0299473457991,0.00849925676431,38.4874903791,120.273407435,192.437451895,regional_R1_R4_dwelling_type_share_times_regional_construction_period_share_independence_assumption
Brussels-Capital Region,BE_TABULA_08,Terraced house,1946-1970,TABULA-as-is,very high,4,0,0.008,0.025,0.04,low = secondary current-rate estimate; central = conservative policy-compatible assumption; high = accelerated,C+ / 100 kWh/m2.year,100,,https://environnement.brussels/citoyen/politique-regionale/plans-strategiques-regionaux/renolution-une-strategie-pour-renover-le-bati-bruxellois,0.0769361863952,43549.1128195,0.307744745581,0.0873400143074,395.504931029,1235.95290946,1977.52465514,regional_R1_R4_dwelling_type_share_times_regional_construction_period_share_independence_assumption
Brussels-Capital Region,BE_TABULA_09,"Apartment, enclosed",1946-1970,TABULA-as-is,very high,4,0,0.008,0.025,0.04,low = secondary current-rate estimate; central = conservative policy-compatible assumption; high = accelerated,C+ / 100 kWh/m2.year,100,,https://environnement.brussels/citoyen/politique-regionale/plans-strategiques-regionaux/renolution-une-strategie-pour-renover-le-bati-bruxellois,0.0794401283587,44966.4491364,0.317760513435,0.0901825561224,408.376915461,1276.17786082,2041.88457731,regional_R1_R4_dwelling_type_share_times_regional_construction_period_share_independence_assumption
Brussels-Capital Region,BE_TABULA_10,"Apartment, exposed",1946-1970,TABULA-as-is,very high,4,0,0.008,0.025,0.04,low = secondary current-rate estimate; central = conservative policy-compatible assumption; high = accelerated,C+ / 100 kWh/m2.year,100,,https://environnement.brussels/citoyen/politique-regionale/plans-strategiques-regionaux/renolution-une-strategie-pour-renover-le-bati-bruxellois,0.0794401283587,44966.4491364,0.317760513435,0.0901825561224,408.376915461,1276.17786082,2041.88457731,regional_R1_R4_dwelling_type_share_times_regional_construction_period_share_independence_assumption
Brussels-Capital Region,BE_TABULA_11,Detached house,1971-1990,TABULA-as-is,high,3,0,0.008,0.025,0.04,low = secondary current-rate estimate; central = conservative policy-compatible assumption; high = accelerated,C+ / 100 kWh/m2.year,100,,https://environnement.brussels/citoyen/politique-regionale/plans-strategiques-regionaux/renolution-une-strategie-pour-renover-le-bati-bruxellois,0.00136149064176,770.660885841,0.00408447192527,0.0011592004137,5.24924896457,16.4039030143,26.2462448228,regional_R1_R4_dwelling_type_share_times_regional_construction_period_share_independence_assumption
Brussels-Capital Region,BE_TABULA_12,Semi-detached house,1971-1990,TABULA-as-is,high,3,0,0.008,0.025,0.04,low = secondary current-rate estimate; central = conservative policy-compatible assumption; high = accelerated,C+ / 100 kWh/m2.year,100,,https://environnement.brussels/citoyen/politique-regionale/plans-strategiques-regionaux/renolution-une-strategie-pour-renover-le-bati-bruxellois,0.00377809266842,2138.55913022,0.0113342780052,0.00321674380264,14.5664967643,45.5203023883,72.8324838213,regional_R1_R4_dwelling_type_share_times_regional_construction_period_share_independence_assumption
Brussels-Capital Region,BE_TABULA_13,Terraced house,1971-1990,TABULA-as-is,high,3,0,0.008,0.025,0.04,low = secondary current-rate estimate; central = conservative policy-compatible assumption; high = accelerated,C+ / 100 kWh/m2.year,100,,https://environnement.brussels/citoyen/politique-regionale/plans-strategiques-regionaux/renolution-une-strategie-pour-renover-le-bati-bruxellois,0.0388244145182,21976.2492427,0.116473243554,0.0330558844775,149.688151691,467.775474035,748.440758456,regional_R1_R4_dwelling_type_share_times_regional_construction_period_share_independence_assumption
Brussels-Capital Region,BE_TABULA_14,"Apartment, enclosed",1971-1990,TABULA-as-is,high,3,0,0.008,0.025,0.04,low = secondary current-rate estimate; central = conservative policy-compatible assumption; high = accelerated,C+ / 100 kWh/m2.year,100,,https://environnement.brussels/citoyen/politique-regionale/plans-strategiques-regionaux/renolution-une-strategie-pour-renover-le-bati-bruxellois,0.0400879822264,22691.4816354,0.120263946679,0.0341317113434,154.559857218,482.999553806,772.799286089,regional_R1_R4_dwelling_type_share_times_regional_construction_period_share_independence_assumption
Brussels-Capital Region,BE_TABULA_15,"Apartment, exposed",1971-1990,TABULA-as-is,high,3,0,0.008,0.025,0.04,low = secondary current-rate estimate; central = conservative policy-compatible assumption; high = accelerated,C+ / 100 kWh/m2.year,100,,https://environnement.brussels/citoyen/politique-regionale/plans-strategiques-regionaux/renolution-une-strategie-pour-renover-le-bati-bruxellois,0.0400879822264,22691.4816354,0.120263946679,0.0341317113434,154.559857218,482.999553806,772.799286089,regional_R1_R4_dwelling_type_share_times_regional_construction_period_share_independence_assumption
Brussels-Capital Region,BE_TABULA_16,Detached house,1991-2005,TABULA-as-is,medium,2,0,0.008,0.025,0.04,low = secondary current-rate estimate; central = conservative policy-compatible assumption; high = accelerated,C+ / 100 kWh/m2.year,100,,https://environnement.brussels/citoyen/politique-regionale/plans-strategiques-regionaux/renolution-une-strategie-pour-renover-le-bati-bruxellois,0.000691165423754,391.228658792,0.00138233084751,0.000392314727489,1.77653290382,5.55166532444,8.8826645191,regional_R1_R4_dwelling_type_share_times_regional_construction_period_share_independence_assumption
Brussels-Capital Region,BE_TABULA_17,Semi-detached house,1991-2005,TABULA-as-is,medium,2,0,0.008,0.025,0.04,low = secondary current-rate estimate; central = conservative policy-compatible assumption; high = accelerated,C+ / 100 kWh/m2.year,100,,https://environnement.brussels/citoyen/politique-regionale/plans-strategiques-regionaux/renolution-une-strategie-pour-renover-le-bati-bruxellois,0.00191796178399,1085.64692413,0.00383592356798,0.00108866072978,4.92982157444,15.4056924201,24.6491078722,regional_R1_R4_dwelling_type_share_times_regional_construction_period_share_independence_assumption
Brussels-Capital Region,BE_TABULA_18,Terraced house,1991-2005,TABULA-as-is,medium,2,0,0.008,0.025,0.04,low = secondary current-rate estimate; central = conservative policy-compatible assumption; high = accelerated,C+ / 100 kWh/m2.year,100,,https://environnement.brussels/citoyen/politique-regionale/plans-strategiques-regionaux/renolution-une-strategie-pour-renover-le-bati-bruxellois,0.0197093480406,11156.3187836,0.0394186960813,0.0111872892361,50.6598045904,158.311889345,253.299022952,regional_R1_R4_dwelling_type_share_times_regional_construction_period_share_independence_assumption
Brussels-Capital Region,BE_TABULA_19,"Apartment, enclosed",1991-2005,TABULA-as-is,medium,2,0,0.008,0.025,0.04,low = secondary current-rate estimate; central = conservative policy-compatible assumption; high = accelerated,C+ / 100 kWh/m2.year,100,,https://environnement.brussels/citoyen/politique-regionale/plans-strategiques-regionaux/renolution-une-strategie-pour-renover-le-bati-bruxellois,0.0203508025492,11519.4089765,0.0407016050983,0.0115513873841,52.3085633413,163.464260442,261.542816706,regional_R1_R4_dwelling_type_share_times_regional_construction_period_share_independence_assumption
Brussels-Capital Region,BE_TABULA_20,"Apartment, exposed",1991-2005,TABULA-as-is,medium,2,0,0.008,0.025,0.04,low = secondary current-rate estimate; central = conservative policy-compatible assumption; high = accelerated,C+ / 100 kWh/m2.year,100,,https://environnement.brussels/citoyen/politique-regionale/plans-strategiques-regionaux/renolution-une-strategie-pour-renover-le-bati-bruxellois,0.0203508025492,11519.4089765,0.0407016050983,0.0115513873841,52.3085633413,163.464260442,261.542816706,regional_R1_R4_dwelling_type_share_times_regional_construction_period_share_independence_assumption
Brussels-Capital Region,BE_TABULA_21,Detached house,post-2005,TABULA-as-is,low,1,0,0.008,0.025,0.04,low = secondary current-rate estimate; central = conservative policy-compatible assumption; high = accelerated,C+ / 100 kWh/m2.year,100,,https://environnement.brussels/citoyen/politique-regionale/plans-strategiques-regionaux/renolution-une-strategie-pour-renover-le-bati-bruxellois,0.000827286700988,468.279018801,0.000827286700988,0.000234789491415,1.0632057064,3.32251783249,5.31602853198,regional_R1_R4_dwelling_type_share_times_regional_construction_period_share_independence_assumption
Brussels-Capital Region,BE_TABULA_22,Semi-detached house,post-2005,TABULA-as-is,low,1,0,0.008,0.025,0.04,low = secondary current-rate estimate; central = conservative policy-compatible assumption; high = accelerated,C+ / 100 kWh/m2.year,100,,https://environnement.brussels/citoyen/politique-regionale/plans-strategiques-regionaux/renolution-une-strategie-pour-renover-le-bati-bruxellois,0.00229569394297,1299.45919086,0.00229569394297,0.000651533274582,2.95036158249,9.21987994528,14.7518079124,regional_R1_R4_dwelling_type_share_times_regional_construction_period_share_independence_assumption
Brussels-Capital Region,BE_TABULA_23,Terraced house,post-2005,TABULA-as-is,low,1,0,0.008,0.025,0.04,low = secondary current-rate estimate; central = conservative policy-compatible assumption; high = accelerated,C+ / 100 kWh/m2.year,100,,https://environnement.brussels/citoyen/politique-regionale/plans-strategiques-regionaux/renolution-une-strategie-pour-renover-le-bati-bruxellois,0.023590997117,13353.4951901,0.023590997117,0.00669528255255,30.3184890129,94.7452781653,151.592445064,regional_R1_R4_dwelling_type_share_times_regional_construction_period_share_independence_assumption
Brussels-Capital Region,BE_TABULA_24,"Apartment, enclosed",post-2005,TABULA-as-is,low,1,0,0.008,0.025,0.04,low = secondary current-rate estimate; central = conservative policy-compatible assumption; high = accelerated,C+ / 100 kWh/m2.year,100,,https://environnement.brussels/citoyen/politique-regionale/plans-strategiques-regionaux/renolution-une-strategie-pour-renover-le-bati-bruxellois,0.024358782608,13788.094025,0.024358782608,0.00691318520313,31.30522543,97.8288294687,156.52612715,regional_R1_R4_dwelling_type_share_times_regional_construction_period_share_independence_assumption
Brussels-Capital Region,BE_TABULA_25,"Apartment, exposed",post-2005,TABULA-as-is,low,1,0,0.008,0.025,0.04,low = secondary current-rate estimate; central = conservative policy-compatible assumption; high = accelerated,C+ / 100 kWh/m2.year,100,,https://environnement.brussels/citoyen/politique-regionale/plans-strategiques-regionaux/renolution-une-strategie-pour-renover-le-bati-bruxellois,0.024358782608,13788.094025,0.024358782608,0.00691318520313,31.30522543,97.8288294687,156.52612715,regional_R1_R4_dwelling_type_share_times_regional_construction_period_share_independence_assumption
